"UniqueID","Probability1"
6533,0.544255762128159
6534,0.288338564103469
6535,0.492113532498479
6536,0.0204233869444579
6537,0.292345315916464
6538,0.512739304220304
6539,0.168602348305285
6540,0.244010840542614
6541,0.108604393200949
6542,0.199906568275765
6543,0.284819235792384
6544,0.508779847994447
6545,0.685007621766999
6546,0.387279678368941
6547,0.912433238700032
6548,0.471592891728505
6549,0.536815761588514
6550,0.467309816507623
6551,0.829703389899805
6552,0.839202500646934
6553,0.121305553475395
6554,0.468530421378091
6555,0.554702332010493
6556,0.383239571237937
6557,0.616784955374897
6558,0.587713233660907
6559,0.437064758734778
6560,0.37873679259792
6561,0.750313966535032
6562,0.0558407842181623
6563,0.041620456147939
6564,0.923946388531476
6565,0.189098964910954
6566,0.872754919808358
6567,0.190338724059984
6568,0.537320055766031
6569,0.82478830544278
6570,0.0579435818362981
6571,0.921430835267529
6572,0.129156379727647
6573,0.384631464025006
6574,0.799008359434083
6575,0.651200431631878
6576,0.040296722901985
6577,0.450581724988297
6578,0.709707505768165
6579,0.341205223929137
6580,0.447021390544251
6581,0.471802547108382
6582,0.32643228280358
6583,0.776576190954074
6584,0.389880116097629
6585,0.0858107125386596
6586,0.432590906042606
6587,0.0870606298558414
6588,0.684366408735514
6589,0.673587479861453
6590,0.937913297442719
6591,0.549132220912725
6592,0.72065371228382
6593,0.898500497220084
6594,0.776476558297873
6595,0.516475647222251
6596,0.846984828822315
6597,0.66370699275285
6598,0.81794676114805
6599,0.0559418457560241
6600,0.128906111000106
6601,0.810025552520528
6602,0.170394399901852
6603,0.964039730140939
6604,0.0240017788019031
6605,0.116521694464609
6606,0.93120713531971
6607,0.671784727135673
6608,0.994229199830443
6609,0.874232325004414
6610,0.606691926950589
6611,0.167594670318067
6612,0.924430029001087
6613,0.211105873575434
6614,0.163468805374578
6615,0.164614898618311
6616,0.333558082114905
6617,0.659688120475039
6618,0.246945875464007
6619,0.644142331322655
6620,0.262138367863372
6621,0.618774249916896
6622,0.690506601473317
6623,0.714729140046984
6624,0.507727332413197
6625,0.0992733391467482
6626,0.351119604660198
6627,0.724598682718351
6628,0.0950163141824305
6629,0.665481132688001
6630,0.733109953114763
6631,0.062015998410061
6632,0.915411373367533
6633,0.236506790155545
6634,0.640985218342394
6635,0.283323638141155
6636,0.306101087247953
6637,0.311477629002184
6638,0.587904548272491
6639,0.685186700662598
6640,0.449901855085045
6641,0.678316495148465
6642,0.785387683194131
6643,0.216541554778814
6644,0.323819302720949
6645,0.270788137568161
6646,0.41669926373288
6647,0.292108542984352
6648,0.742535788798705
6649,0.825370043516159
6650,0.862188680097461
6651,0.392397469840944
6652,0.0806477286387235
6653,0.833540038205683
6654,0.369758192216977
6655,0.621131126536056
6656,0.403286485467106
6657,0.0492144839372486
6658,0.712265740614384
6659,0.634902322199196
6660,0.930605723056942
6661,0.398898539366201
6662,0.353126949630678
6663,0.0432531638070941
6664,0.18922479939647
6665,0.615204464178532
6666,0.245509801898152
6667,0.215895385947078
6668,0.0849352616351098
6669,0.0640613874420524
6670,0.139880619710311
6671,0.258001470472664
6672,0.289661575341597
6673,0.746324344538152
6674,0.436743340920657
6675,0.683202837361023
6676,0.816773876314983
6677,0.257704640040174
6678,0.435453344136477
6679,0.873739857925102
6680,0.534795588813722
6681,0.402605281677097
6682,0.306706931907684
6683,0.772457214538008
6684,0.196277018636465
6685,0.937422432471067
6686,0.401877083349973
6687,0.139857547357678
6688,0.383429327048361
6689,0.949612620985135
6690,0.89839298510924
6691,0.457302971044555
6692,0.0115792793221772
6693,0.612000180175528
6694,0.0308497054502368
6695,0.111624777782708
6696,0.595469370950013
6697,0.767847209004685
6698,0.321241925936192
6699,0.772821567486972
6700,0.31091295555234
6701,0.0889303241856396
6702,0.889149811118841
6703,0.326300664804876
6704,0.171292026061565
6705,0.0810201014392078
6706,0.586671857628971
6707,0.222308509750292
6708,0.764688085997477
6709,0.875155450776219
6710,0.532107929000631
6711,0.84785586502403
6712,0.72954466030933
6713,0.871964764781296
6714,0.708802344743162
6715,0.0170488352887332
6716,0.29107257258147
6717,0.116909019416198
6718,0.035933077102527
6719,0.374777249293402
6720,0.773447889368981
6721,0.0465126109775156
6722,0.893327634315938
6723,0.00509549817070365
6724,0.609649221878499
6725,0.374181929742917
6726,0.175087574403733
6727,0.280236286809668
6728,0.492320360615849
6729,0.186863282229751
6730,0.372930042911321
6731,0.157683015801013
6732,0.569128525210544
6733,0.174823054345325
6734,0.183073599357158
6735,0.0381247042678297
6736,0.340222199913114
6737,0.0342204505577683
6738,0.690106161637232
6739,0.346203285735101
6740,0.0144093248527497
6741,0.404332084814087
6742,0.718203850788996
6743,0.735768417594954
6744,0.851274415384978
6745,0.550975474063307
6746,0.60871674423106
6747,0.326575075043365
6748,0.29840977769345
6749,0.0489600223954767
6750,0.315717213787138
6751,0.654219609918073
6752,0.648809528676793
6753,0.985695307375863
6754,0.480544537771493
6755,0.309381060535088
6756,0.938393248710781
6757,0.323435433208942
6758,0.43836514884606
6759,0.231765337986872
6760,0.975357928546146
6761,0.632890941342339
6762,0.203058453276753
6763,0.687165416311473
6764,0.34114133589901
6765,0.00843906472437084
6766,0.632266969187185
6767,0.646753053413704
6768,0.711150199640542
6769,0.10065894946456
6770,0.451941194245592
6771,0.220677020493895
6772,0.960043780272827
6773,0.703416457632557
6774,0.782442189520225
6775,0.677236251765862
6776,0.684791573788971
6777,0.529729652218521
6778,0.373267909744754
6779,0.144543755333871
6780,0.944925472605973
6781,0.0516588948667049
6782,0.215286620659754
6783,0.812178173102438
6784,0.823105599032715
6785,0.03576167114079
6786,0.0694338900502771
6787,0.471442655427381
6788,0.701254394371063
6789,0.292765511898324
6790,0.306797566823661
6791,0.0579214752651751
6792,0.436621493427083
6793,0.247404960682616
6794,0.3879898278974
6795,0.948368589160964
6796,0.113940685521811
6797,0.845650693401694
6798,0.505741949891672
6799,0.0294133403804153
6800,0.223434011684731
6801,0.369961144868284
6802,0.0643846136517823
6803,0.547389550600201
6804,0.977296565193683
6805,0.640467087039724
6806,0.313998804194853
6807,0.359439854742959
6808,0.274885092163458
6809,0.322457597823814
6810,0.960674917092547
6811,0.106591585092247
6812,0.937188361305743
6813,0.650617122650146
6814,0.903121473966166
6815,0.630428590578958
6816,0.656254103407264
6817,0.374619006644934
6818,0.160776294302195
6819,0.611033003311604
6820,0.850785494316369
6821,0.863275624578819
6822,0.565324466209859
6823,0.824966218788177
6824,0.887359109241515
6825,0.235610760282725
6826,0.244519162923098
6827,0.999536745250225
6828,0.0210064840503037
6829,0.484784410800785
6830,0.968590508913621
6831,0.176925728097558
6832,0.655189741170034
6833,0.0521414037793875
6834,0.313094971003011
6835,0.367202647030354
6836,0.511904810322449
6837,0.667565892683342
6838,0.544725637184456
6839,0.164519030600786
6840,0.471137788379565
6841,0.994035026757047
6842,0.219175943173468
6843,0.332392233423889
6844,0.740286613814533
6845,0.95570995984599
6846,0.996761004906148
6847,0.589438083115965
6848,0.161640758626163
6849,0.238995059160516
6850,0.0478150504641235
6851,0.37628217949532
6852,0.479475092375651
6853,0.396212011575699
6854,0.921562459086999
6855,0.0834318627603352
6856,0.0820672542322427
6857,0.371909275185317
6858,0.339209389872849
6859,0.461509864311665
6860,0.397961868904531
6861,0.825137297390029
6862,0.738466526847333
6863,0.674107109894976
6864,0.113059141673148
6865,0.753820542013273
6866,0.849089211551473
6867,0.345204323995858
6868,0.699177759699523
6869,0.891807376639917
6870,0.782484496710822
6871,0.543324695201591
6872,0.794848665827885
6873,0.230815652757883
6874,0.116154056042433
6875,0.101751126814634
6876,0.435450658667833
6877,0.938638081541285
6878,0.778504005866125
6879,0.879959807032719
6880,0.00947546097449958
6881,0.477444878546521
6882,0.430843401234597
6883,0.365681312978268
6884,0.115280229598284
6885,0.172351805726066
6886,0.859380503883585
6887,0.506432195194066
6888,0.229926215251908
6889,0.106076426338404
6890,0.788962923455983
6891,0.469743310939521
6892,0.0565588970202953
6893,0.0157212938647717
6894,0.731792939594015
6895,0.260127681540325
6896,0.941097329370677
6897,0.385441784979776
6898,0.706610445398837
6899,0.0599628093186766
6900,0.619497999083251
6901,0.278659924399108
6902,0.25631197495386
6903,0.429287114646286
6904,0.517417052062228
6905,0.535601862007752
6906,0.937454013852403
6907,0.892091628629714
6908,0.063710993854329
6909,0.0719647717196494
6910,0.276483809575438
6911,0.763688496313989
6912,0.111057201400399
6913,0.816983469994739
6914,0.698793445015326
6915,0.564692344982177
6916,0.351360375061631
6917,0.921908255433664
6918,0.319382915971801
6919,0.89827973395586
6920,0.29123337706551
6921,0.612418049015105
6922,0.628825841005892
6923,0.271617991616949
6924,0.963387979427353
6925,0.101004139520228
6926,0.850162373622879
6927,0.359446282731369
6928,0.564892684808001
6929,0.275238418253139
6930,0.780720963841304
6931,0.97012634947896
6932,0.0139412684366107
6933,0.769414989510551
6934,0.908916239393875
6935,0.850020038429648
6936,0.383738407399505
6937,0.241739568067715
6938,0.324843412032351
6939,0.0103604630567133
6940,0.1365112925414
6941,0.0830659938510507
6942,0.743801888776943
6943,0.472067503025755
6944,0.374706596136093
6945,0.565688899951056
6946,0.332689923234284
6947,0.443516394123435
6948,0.432506852084771
6949,0.435572823043913
6950,0.0663678192067891
6951,0.448011677945033
6952,0.419873513048515
6953,0.0701256573665887
6954,0.530036139301956
6955,0.847539594164118
6956,0.27059999993071
6957,0.0462306330446154
6958,0.870001696050167
6959,0.0258560851216316
6960,0.946974157588556
6961,0.545825172681361
6962,0.460545839974657
6963,0.615350145148113
6964,0.444964070105925
6965,0.504908946109936
6966,0.667631861520931
6967,0.3417300558649
6968,0.99659185227938
6969,0.833166441647336
6970,0.768059812719002
6971,0.745498846517876
6972,0.52506169071421
6973,0.350836641155183
6974,0.265512723475695
6975,0.464017168851569
6976,0.410085301613435
6977,0.409384343773127
6978,0.117988598532975
6979,0.972190886270255
6980,0.964760753791779
6981,0.742298986995593
6982,0.0654989900067449
6983,0.119808429852128
6984,0.615935923298821
6985,0.0124497590586543
6986,0.996973843313754
6987,0.526586270658299
6988,0.433993677143008
6989,0.71770507725887
6990,0.277257636422291
6991,0.115692358464003
6992,0.886134728323668
6993,0.188280031085014
6994,0.866850984049961
6995,0.229794789105654
6996,0.654106732457876
6997,0.88199483207427
6998,0.533431702526286
6999,0.59422326949425
7000,0.201508208643645
7001,0.667744840495288
7002,0.081741092260927
7003,0.169873370788991
7004,0.461108791874722
7005,0.762373821111396
7006,0.0912642301991582
7007,0.829683123156428
7008,0.252989063970745
7009,0.562847024062648
7010,0.0967186945490539
7011,0.572876397287473
7012,0.119967714650556
7013,0.265560173196718
7014,0.763346082065254
7015,0.855451203184202
7016,0.238422838039696
7017,0.150038084946573
7018,0.845332201337442
7019,0.648214929737151
7020,0.496008574496955
7021,0.670616954332218
7022,0.17496899026446
7023,0.513980588177219
7024,0.384940881747752
7025,0.669510335661471
7026,0.435151422861964
7027,0.870388346724212
7028,0.328163499478251
7029,0.796820698538795
7030,0.196067448705435
7031,0.199361188570037
7032,0.690848445985466
7033,0.758089086040854
7034,0.979822613997385
7035,0.663870453368872
7036,0.783751601818949
7037,0.551181137794629
7038,0.183594028232619
7039,0.805307594826445
7040,0.665757889160886
7041,0.985663889208809
7042,0.429004119476303
7043,0.778505152091384
7044,0.568977965507656
7045,0.590462784050032
7046,0.707861128728837
7047,0.855290154693648
7048,0.738299492746592
7049,0.430289820535108
7050,0.0877262682188302
7051,0.700737284962088
7052,0.27674108510837
7053,0.172710633836687
7054,0.430374599527568
7055,0.50980791868642
7056,0.337503731716424
7057,0.281045264331624
7058,0.387327976990491
7059,0.517996743088588
7060,0.115922203985974
7061,0.671452223090455
7062,0.530878274003044
7063,0.811235249741003
7064,0.370816008886322
7065,0.632678639842197
7066,0.373714864486828
7067,0.22771565662697
7068,0.286749484715983
7069,0.817131594521925
7070,0.792493955232203
7071,0.530083148507401
7072,0.189885677304119
7073,0.689165150048211
7074,0.135572975035757
7075,0.60579497879371
7076,0.299163087503985
7077,0.547133348416537
7078,0.766275443835184
7079,0.606940902303904
7080,0.604416446061805
7081,0.861427607946098
7082,0.775500938761979
7083,0.130059955175966
7084,0.323126270901412
7085,0.211726832436398
7086,0.719052442116663
7087,0.720743069425225
7088,0.0172657412476838
7089,0.302096883533522
7090,0.0777164730243385
7091,0.961892915423959
7092,0.439274680567905
7093,0.684476548107341
7094,0.959717692807317
7095,0.205287811812013
7096,0.879738642368466
7097,0.390252084238455
7098,0.43332518870011
7099,0.952312965411693
7100,0.567743008490652
7101,0.641985140508041
7102,0.736090179765597
7103,0.923982326406986
7104,0.499144325498492
7105,0.553878002567217
7106,0.406088243704289
7107,0.711543272947893
7108,0.988083145348355
7109,0.093041303101927
7110,0.623717329697683
7111,0.444840538082644
7112,0.782485757954419
7113,0.916006500832736
7114,0.909877490717918
7115,0.274229997536168
7116,0.221248720074072
7117,0.701658428646624
7118,0.364163725171238
7119,0.413087386870757
7120,0.24885388975963
7121,0.792164306621999
7122,0.0491485032252967
7123,0.202002205187455
7124,0.159941824153066
7125,0.711411017226055
7126,0.391032101586461
7127,0.699232866056263
7128,0.189838769380003
7129,0.269505817675963
7130,0.801016047829762
7131,0.894117998657748
7132,0.0901942052878439
7133,0.955608148826286
7134,0.605284544639289
7135,0.441459089517593
7136,0.907948446692899
7137,0.17771709873341
7138,0.669588584918529
7139,0.066428195219487
7140,0.80327082099393
7141,0.527142873499542
7142,0.837388689862564
7143,0.608721415279433
7144,0.397549538174644
7145,0.374614414060488
7146,0.208563846768811
7147,0.315805356251076
7148,0.977684994926676
7149,0.102345277089626
7150,0.56363037112169
7151,0.556445287074894
7152,0.0260855366941541
7153,0.696701689390466
7154,0.471210814313963
7155,0.430355643387884
7156,0.891249622218311
7157,0.554091759491712
7158,0.841319629224017
7159,0.51052342588082
7160,0.253067234298214
7161,0.53230320266448
7162,0.337360254488885
7163,0.32628599088639
7164,0.71070140064694
7165,0.118696227436885
7166,0.831076299073175
7167,0.0393766451161355
7168,0.293244586093351
7169,0.641883267089725
7170,0.711830226937309
7171,0.550804230151698
7172,0.57666119071655
7173,0.351929238066077
7174,0.641001034062356
7175,0.0102568534202874
7176,0.831368868937716
7177,0.494540056446567
7178,0.284667149418965
7179,0.447943083941936
7180,0.36574929067865
7181,0.938838458852842
7182,0.146621575811878
7183,0.153922888683155
7184,0.708924430888146
7185,0.358139803167433
7186,0.4492967359256
7187,0.245197986718267
7188,0.418665983714163
7189,0.675428765127435
7190,0.244078462012112
7191,0.699918538331985
7192,0.902553128544241
7193,0.82440953864716
7194,0.227996770292521
7195,0.71850092173554
7196,0.965213945833966
7197,0.849893618375063
7198,0.365995289525017
7199,0.762376894475892
7200,0.596389820566401
7201,0.598384743090719
7202,0.302357947919518
7203,0.523463184479624
7204,0.10644391993992
7205,0.0476523775141686
7206,0.959445224842057
7207,0.600710544036701
7208,0.405811298871413
7209,0.59648698521778
7210,0.93610245664604
7211,0.330745289102197
7212,0.783879010239616
7213,0.0430381586775184
7214,0.30195233784616
7215,0.653296087635681
7216,0.5914924335666
7217,0.646794033003971
7218,0.318174567539245
7219,0.125217059394345
7220,0.203186031896621
7221,0.925735633121803
7222,0.867409384343773
7223,0.283343181945384
7224,0.744358414784074
7225,0.591370043810457
7226,0.776227411348373
7227,0.2336323519703
7228,0.776909219566733
7229,0.374341852264479
7230,0.341469957027584
7231,0.879297978244722
7232,0.907084462232888
7233,0.107386775081977
7234,0.15070972731337
7235,0.302173271076754
7236,0.0980491025839001
7237,0.280817191582173
7238,0.675498590106145
7239,0.939072334207594
7240,0.145867904182523
7241,0.00646648625843227
7242,0.568032497307286
7243,0.251167328096926
7244,0.261961795156822
7245,0.163450204068795
7246,0.674444613978267
7247,0.323609462240711
7248,0.8433932014741
7249,0.821506091859192
7250,0.0498596087563783
7251,0.00917532690800726
7252,0.514232243411243
7253,0.856923035345972
7254,0.363844568608329
7255,0.484690773999318
7256,0.706610673805699
7257,0.364644205663353
7258,0.440840657101944
7259,0.991842097137123
7260,0.321375073865056
7261,0.356265101116151
7262,0.415900890249759
7263,0.434013391844928
7264,0.00623377808369696
7265,0.893362881615758
7266,0.876667317701504
7267,0.614528762875125
7268,0.66274459194392
7269,0.0671996111050248
7270,0.183454014593735
7271,0.539623719407246
7272,0.909403574187309
7273,0.654674419900402
7274,0.718237437540665
7275,0.28233307483606
7276,0.233228109776974
7277,0.291225844994187
7278,0.187966986559331
7279,0.313768434803933
7280,0.886442524148151
7281,0.654254711698741
7282,0.4953292242717
7283,0.938805256970227
7284,0.408874555490911
7285,0.0742520019412041
7286,0.651282251579687
7287,0.970914391567931
7288,0.177045160671696
7289,0.825163401663303
7290,0.325843623140827
7291,0.561153843766078
7292,0.636269401060417
7293,0.622571269981563
7294,0.345652251737192
7295,0.206783847417682
7296,0.831584514584392
7297,0.613907987484708
7298,0.574625954963267
7299,0.434509475249797
7300,0.146141668315977
7301,0.284889567177743
7302,0.569910129066557
7303,0.155191385420039
7304,0.790126264793798
7305,0.966934690950438
7306,0.742776095168665
7307,0.150326194707304
7308,0.977804444264621
7309,0.883729675784707
7310,0.491750613087788
7311,0.97261799685657
7312,0.949992708861828
7313,0.3766719175037
7314,0.426256176317111
7315,0.0654891540762037
7316,0.705455817049369
7317,0.0688071518670768
7318,0.377533555729315
7319,0.899097087560222
7320,0.603816906223074
7321,0.0474216167349368
7322,0.900850781938061
7323,0.852819068590179
7324,0.826148589374498
7325,0.176774226827547
7326,0.29424678417854
7327,0.955841764109209
7328,0.806979636894539
7329,0.959150298731402
7330,0.573498556390405
7331,0.482985113281757
7332,0.521761013427749
7333,0.180021586827934
7334,0.0187379741109908
7335,0.473275309661403
7336,0.068953939480707
7337,0.296287202043459
7338,0.683557106181979
7339,0.0996463908813894
7340,0.578206623205915
7341,0.872026090975851
7342,0.75700561911799
7343,0.648328341543674
7344,0.0812554161529988
7345,0.162337206071243
7346,0.883970735827461
7347,0.585911672795191
7348,0.304757411126047
7349,0.0685749715194106
7350,0.73542582639493
7351,0.537714904174209
7352,0.58456075261347
7353,0.96161573054269
7354,0.915194410597906
7355,0.900625251233578
7356,0.816869715694338
7357,0.195058882702142
7358,0.702678591245785
7359,0.998482093214989
7360,0.413138369098306
7361,0.904685488669202
7362,0.895178003469482
7363,0.171056287130341
7364,0.36578802485019
7365,0.0161885996349156
7366,0.576475297100842
7367,0.404152364702895
7368,0.280779626918957
7369,0.742744737770408
7370,0.404649064177647
7371,0.112467188388109
7372,0.432368762092665
7373,0.654438131954521
7374,0.806730437790975
7375,0.973672023741528
7376,0.744907018262893
7377,0.100253247190267
7378,0.0599631280638278
7379,0.961271322099492
7380,0.583913384471089
7381,0.092502131126821
7382,0.753004332538694
7383,0.796271127648652
7384,0.0494605742860585
7385,0.974399125669152
7386,0.40148671832867
7387,0.724315573461354
7388,0.095484362449497
7389,0.185765583533794
7390,0.0714056398719549
7391,0.87042348831892
7392,0.510049820644781
7393,0.787613838678226
7394,0.592509649461135
7395,0.646753889508545
7396,0.437359571224079
7397,0.697950875852257
7398,0.883961618412286
7399,0.384889940498397
7400,0.135074655991048
7401,0.625884807435796
7402,0.837574573000893
7403,0.921415047487244
7404,0.122615529224277
7405,0.185090503655374
7406,0.983009311603382
7407,0.399415746796876
7408,0.845551152946427
7409,0.510508179664612
7410,0.662049501203001
7411,0.686686659697443
7412,0.191731094149873
7413,0.838549725478515
7414,0.626674468396232
7415,0.797586176777259
7416,0.0312857110984623
7417,0.957977875135839
7418,0.754972358699888
7419,0.879351397044957
7420,0.907286455621943
7421,0.757198060397059
7422,0.499043146381155
7423,0.918230468640104
7424,0.842056409223005
7425,0.586380878929049
7426,0.712488047545776
7427,0.292730528628454
7428,0.339757906505838
7429,0.0301516056060791
7430,0.863751807948574
7431,0.120785703184083
7432,0.406581074232236
7433,0.226074348669499
7434,0.621976308058947
7435,0.252761494368315
7436,0.641302214935422
7437,0.456733639352024
7438,0.0654946896247566
7439,0.369177676271647
7440,0.965425176313147
7441,0.784301731735468
7442,0.543081762036309
7443,0.658671309705824
7444,0.798762446269393
7445,0.516073787817731
7446,0.303976718103513
7447,0.154685067012906
7448,0.803055983502418
7449,0.746943469857797
7450,0.403807415859774
7451,0.251410326221958
7452,0.0114015613216907
7453,0.0941208116710186
7454,0.717360423877835
7455,0.84577936003916
7456,0.617329570697621
7457,0.121071376139298
7458,0.379204798024148
7459,0.260572074912488
7460,0.402619409840554
7461,0.373917286517099
7462,0.222786069381982
7463,0.703288143035024
7464,0.109198631951585
7465,0.922249998198822
7466,0.708475406747311
7467,0.0549232377670705
7468,0.280916426796466
7469,0.50924757681787
7470,0.497198364697397
7471,0.904572032857686
7472,0.725687212543562
7473,0.877143949503079
7474,0.612128345994279
7475,0.505746007198468
7476,0.512075803475454
7477,0.213642953662202
7478,0.919124644016847
7479,0.951766523066908
7480,0.834741793107241
7481,0.410123563604429
7482,0.888506905175745
7483,0.918690664460883
7484,0.9756833051797
7485,0.794184498023242
7486,0.263001422397792
7487,0.754289184464142
7488,0.983476514462382
7489,0.437099744332954
7490,0.443411722779274
7491,0.0334497415460646
7492,0.683542723767459
7493,0.684207937913015
7494,0.88772814325057
7495,0.475729970959947
7496,0.848594683455303
7497,0.673183658625931
7498,0.316909082699567
7499,0.763022831175476
7500,0.719707275740802
7501,0.80156586249359
7502,0.335205098148435
7503,0.619885593885556
7504,0.791968646924943
7505,0.927918759640306
7506,0.0423427326604724
7507,0.924322677776217
7508,0.4442071064841
7509,0.638711116043851
7510,0.491093736374751
7511,0.0697706546634436
7512,0.200387647375464
7513,0.399806958856061
7514,0.796332259662449
7515,0.865719538414851
7516,0.815871215658262
7517,0.847794871777296
7518,0.990207134978846
7519,0.208497272338718
7520,0.677151798503473
7521,0.141830273903906
7522,0.203186144819483
7523,0.0484474846161902
7524,0.962068126536906
7525,0.870758795179427
7526,0.642845665570349
7527,0.208969715749845
7528,0.0279696313664317
7529,0.316689709434286
7530,0.589761361479759
7531,0.406134659424424
7532,0.48388723982498
7533,0.148270062403753
7534,0.807592579396442
7535,0.0958259666804224
7536,0.346189273055643
7537,0.46721379715018
7538,0.34394686948508
7539,0.0440488287713379
7540,0.795130390673876
7541,0.602090288652107
7542,0.742251601070166
7543,0.728129480499774
7544,0.0206592930480838
7545,0.723804778419435
7546,0.042762523284182
7547,0.624140349216759
7548,0.0433412124402821
7549,0.489248430356383
7550,0.895556512055919
7551,0.567233122652397
7552,0.628147601149976
7553,0.119584458880126
7554,0.200629079015926
7555,0.931499254191294
7556,0.108398307813331
7557,0.641289683524519
7558,0.694990029325709
7559,0.916082972660661
7560,0.844464154681191
7561,0.907430590130389
7562,0.252281501656398
7563,0.204782066633925
7564,0.931911965366453
7565,0.316058116266504
7566,0.648052721982822
7567,0.451648083049804
7568,0.809805526863784
7569,0.373563478700817
7570,0.784818915883079
7571,0.874909103149548
7572,0.277725942665711
7573,0.275012132478878
7574,0.689470209181309
7575,0.208999464986846
7576,0.476008761906996
7577,0.295112703694031
7578,0.444850876228884
7579,0.866844425676391
7580,0.0186732248403132
7581,0.927573377033696
7582,0.46095310151577
7583,0.774832682684064
7584,0.95995837636292
7585,0.256099351216108
7586,0.60153280524537
7587,0.806395863648504
7588,0.465846075676382
7589,0.107403622940183
7590,0.456386690028012
7591,0.250112718436867
7592,0.668118248926476
7593,0.711870810948312
7594,0.189270066097379
7595,0.865129451034591
7596,0.839214022736996
7597,0.551671847002581
7598,0.347550296923146
7599,0.316307502100244
7600,0.336064926814288
7601,0.943662797566503
7602,0.821553572081029
7603,0.390572484582663
7604,0.865510634379461
7605,0.262465194333345
7606,0.13940664078109
7607,0.101701369741932
7608,0.134599059820175
7609,0.211792009882629
7610,0.762410856084898
7611,0.520271995104849
7612,0.811510643456131
7613,0.606656236574054
7614,0.430764955701306
7615,0.377485409146175
7616,0.573014688212425
7617,0.826583939371631
7618,0.289165729191154
7619,0.703577160602435
7620,0.462624571053311
7621,0.62162647373043
7622,0.126435359474272
7623,0.0252410906832665
7624,0.92342964024283
7625,0.973238467937335
7626,0.927436047000811
7627,0.894028161186725
7628,0.249639548594132
7629,0.260099249193445
7630,0.138437618268654
7631,0.0473722030874342
7632,0.610620906343684
7633,0.92627212475054
7634,0.340656790183857
7635,0.864314922597259
7636,0.790153531823307
7637,0.00136198592372239
7638,0.165156131610274
7639,0.274675903841853
7640,0.907282639062032
7641,0.00603356421925128
7642,0.804475764278322
7643,0.161878620972857
7644,0.653846660628915
7645,0.647444543428719
7646,0.843265605391935
7647,0.879847867647186
7648,0.851280913455412
7649,0.783636862179264
7650,0.326016279868782
7651,0.870478014927357
7652,0.0397622836753726
7653,0.345218770205975
7654,0.684364930260926
7655,0.275929048657417
7656,0.271911423420534
7657,0.812795456266031
7658,0.730257485527545
7659,0.117613504175097
7660,0.301329654641449
7661,0.886287144618109
7662,0.47908982867375
7663,0.243291266495362
7664,0.43546582525596
7665,0.311699827201664
7666,0.227637412492186
7667,0.516655925428495
7668,0.499822938116267
7669,0.536598172038794
7670,0.178649221546948
7671,0.755412980681285
7672,0.302506424020976
7673,0.480190115049481
7674,0.397563030477613
7675,0.657452057348564
7676,0.816970894578844
7677,0.83725614589639
7678,0.991721879458055
7679,0.857597941765562
7680,0.545774884754792
7681,0.136465649819002
7682,0.805778145557269
7683,0.732364043826237
7684,0.487357491161674
7685,0.154180531390011
7686,0.454353045905009
7687,0.812446550000459
7688,0.684028316754848
7689,0.363363963551819
7690,0.212910390459001
7691,0.776635848218575
7692,0.0926956105977297
7693,0.559265080140904
7694,0.340266453102231
7695,0.086725264089182
7696,0.138738058507442
7697,0.524511695373803
7698,0.529005968011916
7699,0.184074859600514
7700,0.884359739487991
7701,0.30141100473702
7702,0.0139702018350363
7703,0.750967795727775
7704,0.917432784801349
7705,0.651766701135784
7706,0.506260206690058
7707,0.907564440276474
7708,0.186702070990577
7709,0.400875504361466
7710,0.487399237463251
7711,0.323430836200714
7712,0.44733045110479
7713,0.549953397363424
7714,0.892735357163474
7715,0.723540815291926
7716,0.490455945255235
7717,0.544346855022013
7718,0.757260736543685
7719,0.777546860743314
7720,0.619751828024164
7721,0.392629952868447
7722,0.619691606611013
7723,0.117123325355351
7724,0.355417140061036
7725,0.582580094225705
7726,0.482853230088949
7727,0.037458919454366
7728,0.515098685165867
7729,0.337233282160014
7730,0.568118550349027
7731,0.248221962014213
7732,0.190129222348332
7733,0.382175801089033
7734,0.192239061929286
7735,0.226715949596837
7736,0.628491711337119
7737,0.499861830379814
7738,0.883415599120781
7739,0.957471227506176
7740,0.179012726759538
7741,0.466761433985084
7742,0.997801444726065
7743,0.24523090547882
7744,0.177459861617535
7745,0.399876050651073
7746,0.234896879643202
7747,0.596585785504431
7748,0.215435911435634
7749,0.937014410505071
7750,0.280555370496586
7751,0.517616102704778
7752,0.792417978402227
7753,0.327241763938218
7754,0.219865574268624
7755,0.401802617823705
7756,0.219244051957503
7757,0.992998744128272
7758,0.620419249404222
7759,0.373430728446692
7760,0.880521062528715
7761,0.846607677638531
7762,0.255275320727378
7763,0.180172317195684
7764,0.806835797615349
7765,0.753494973061606
7766,0.866873663617298
7767,0.881849172990769
7768,0.283015534980223
7769,0.433755251578987
7770,0.586990063777193
7771,0.747772561153397
7772,0.562777201645076
7773,0.583244058303535
7774,0.107994141057134
7775,0.831940580392256
7776,0.47479020874016
7777,0.502733089961112
7778,0.193831725744531
7779,0.533740957267582
7780,0.659600302111357
7781,0.565965575166047
7782,0.245525382459164
7783,0.403960892232135
7784,0.525335397571325
7785,0.699244305724278
7786,0.831251624040306
7787,0.178983714897186
7788,0.13761153887026
7789,0.358618109254166
7790,0.334657799685374
7791,0.833472411846742
7792,0.63420805032365
7793,0.326834387611598
7794,0.376463899156079
7795,0.97246085293591
7796,0.0253450118470937
7797,0.394530868157744
7798,0.833155663916841
7799,0.549021846614778
7800,0.909410411026329
7801,0.427796427858993
7802,0.974922316847369
7803,0.165361012099311
7804,0.424361755372956
7805,0.915801004506648
7806,0.20838572923094
7807,0.370979112572968
7808,0.270354787120596
7809,0.134466961724684
7810,0.119031105889007
7811,0.645788983441889
7812,0.00784909375943244
7813,0.613462281879038
7814,0.722762458026409
7815,0.095228104153648
7816,0.991480317199603
7817,0.66500245872885
7818,0.0708696532528847
7819,0.166179091436788
7820,0.964821427827701
7821,0.143655393505469
7822,0.89706668863073
7823,0.211471193470061
7824,0.804972892859951
7825,0.738846866413951
7826,0.777418660465628
7827,0.69035882060416
7828,0.453003055881709
7829,0.985053148819134
7830,0.396355922566727
7831,0.460747454548255
7832,0.54124938044697
7833,0.632214008364826
7834,0.520038476912305
7835,0.808144794078544
7836,0.0943997276481241
7837,0.151384607655928
7838,0.289833860937506
7839,0.434132931986824
7840,0.104901698883623
7841,0.318755394779146
7842,0.959036107175052
7843,0.706589584704489
7844,0.207093591801822
7845,0.807614804245532
7846,0.887364521855488
7847,0.230034268693998
7848,0.932640891522169
7849,0.810546500608325
7850,0.197897138772532
7851,0.654051049379632
7852,0.841215483145788
7853,0.0401792735792696
7854,0.371947751613334
7855,0.443350179120898
7856,0.180472165346146
7857,0.34285339480266
7858,0.143686691531911
7859,0.945399855263531
7860,0.502615541918203
7861,0.363889691419899
7862,0.327842441154644
7863,0.293400342809036
7864,0.661269930191338
7865,0.194952555932105
7866,0.357997374376282
7867,0.00349283241666853
7868,0.0400706734508276
7869,0.463995161699131
7870,0.989466603612527
7871,0.319092934019864
7872,0.680521341972053
7873,0.201802551746368
7874,0.253783773863688
7875,0.0649929854553193
7876,0.0874950189609081
7877,0.834563875803724
7878,0.193481065100059
7879,0.789962322916836
7880,0.304406606825069
7881,0.74261801992543
7882,0.761109599610791
7883,0.977090449072421
7884,0.00889008166268468
7885,0.691153813851997
7886,0.106633136514574
7887,0.924209211254492
7888,0.125540077453479
7889,0.152937283506617
7890,0.566930665867403
7891,0.181074206717312
7892,0.130732813384384
7893,0.173982424428686
7894,0.72323043900542
7895,0.102097947150469
7896,0.885047801537439
7897,0.644995979731902
7898,0.531558356713504
7899,0.910760805942118
7900,0.989571752492338
7901,0.175871222047135
7902,0.756278258981183
7903,0.505397543078288
7904,0.722420363686979
7905,0.66440522368066
7906,0.821144450223073
7907,0.590228902176023
7908,0.978330034995452
7909,0.846364398021251
7910,0.836056274594739
7911,0.350408532191068
7912,0.584191999863833
7913,0.659066051943228
7914,0.443317547440529
7915,0.165887432871386
7916,0.805049807531759
7917,0.550127251073718
7918,0.0861120319459587
7919,0.910836365539581
7920,0.249374457402155
7921,0.780933841131628
7922,0.79732195683755
7923,0.236419941997156
7924,0.957698414567858
7925,0.741810474777594
7926,0.660323004703969
7927,0.875423463294283
7928,0.0148561347741634
7929,0.518439896637574
7930,0.219150893623009
7931,0.964989671017975
7932,0.0157877849414945
7933,0.105219771619886
7934,0.341454187873751
7935,0.335874640149996
7936,0.501987183466554
7937,0.152883418370038
7938,0.859117451589555
7939,0.469754397403449
7940,0.40832481533289
7941,0.078391095623374
7942,0.970888698007911
7943,0.697087998734787
7944,0.932966960826889
7945,0.475513779325411
7946,0.227431979030371
7947,0.993812886299565
7948,0.624667096184567
7949,0.362863728543743
7950,0.496319584781304
7951,0.723627378465608
7952,0.664849489694461
7953,0.946848036954179
7954,0.987289852462709
7955,0.453466188628227
7956,0.964170571882278
7957,0.504060678184032
7958,0.79066794551909
7959,0.791127720614895
7960,0.36337255151011
7961,0.834451713599265
7962,0.998161698691547
7963,0.505549321882427
7964,0.858792247250676
7965,0.797547715716064
7966,0.0807781578041613
7967,0.169944045832381
7968,0.972899549640715
7969,0.602412296226248
7970,0.989453439367935
7971,0.603695015190169
7972,0.464171943487599
7973,0.449224533513188
7974,0.94086411385797
7975,0.295112180756405
7976,0.929450884694234
7977,0.514854516135529
7978,0.381354155251756
7979,0.474494129652157
7980,0.570925834588706
7981,0.476630796678364
7982,0.341460343683138
7983,0.474208737723529
7984,0.359352664789185
7985,0.731192040489987
7986,0.126446328125894
7987,0.109669012483209
7988,0.919508087215945
7989,0.828680237056687
7990,0.765665309736505
7991,0.762177889468148
7992,0.986391575075686
7993,0.196232772665098
7994,0.632111754734069
7995,0.228130419738591
7996,0.848676224472001
7997,0.787099714856595
7998,0.933792522642761
7999,0.525607206858695
8000,0.562780432170257
8001,0.056853222893551
8002,0.625250677810982
8003,0.195477103814483
8004,0.0277806625235826
8005,0.346034827176481
8006,0.625321080908179
8007,0.0038189732003957
8008,0.127487199148163
8009,0.912749506300315
8010,0.269675221992657
8011,0.82234206283465
8012,0.855213219998404
8013,0.427114817779511
8014,0.959696860751137
8015,0.690352436155081
8016,0.32143570878543
8017,0.0681420911569148
8018,0.137045747600496
8019,0.175047583412379
8020,0.653424096293747
8021,0.936981919920072
8022,0.88155039283447
8023,0.525225071702152
8024,0.199188415426761
8025,0.0563473866786808
8026,0.229354367591441
8027,0.845628854352981
8028,0.777614697115496
8029,0.249493266222998
8030,0.19924028753303
8031,0.324523515300825
8032,0.973427281249315
8033,0.645069204736501
8034,0.56672208243981
8035,0.528531201416627
8036,0.989062348147854
8037,0.763093211455271
8038,0.103930621175095
8039,0.214279820676893
8040,0.94715501810424
8041,0.434948205249384
8042,0.332728783134371
8043,0.678567678201944
8044,0.264630705583841
8045,0.268558989744633
8046,0.855730873299763
8047,0.145865411963314
8048,0.0267857164144516
8049,0.341340646380559
8050,0.123920616228133
8051,0.563345797825605
8052,0.723018544260412
8053,0.713320319773629
8054,0.803623971296474
8055,0.858915171120316
8056,0.982839775504544
8057,0.581528905546293
8058,0.541242837905884
8059,0.408028159756213
8060,0.56366705824621
8061,0.404815594898537
8062,0.523001004708931
8063,0.279126016190276
8064,0.20386591157876
8065,0.763095614267513
8066,0.394165587378666
8067,0.689722578506917
8068,0.454522464890033
8069,0.186431934591383
8070,0.140305253211409
8071,0.518245468847454
8072,0.588928612647578
8073,0.133878733729944
8074,0.482772463699803
8075,0.0810993234626949
8076,0.541798925260082
8077,0.393625857541338
8078,0.0147735946811736
8079,0.758155184099451
8080,0.456316825700924
8081,0.997745221015066
8082,0.679859313415363
8083,0.765377445844933
8084,0.855107890674844
8085,0.28883734671399
8086,0.832766419742256
8087,0.478455650620162
8088,0.184840179048479
8089,0.682682791026309
8090,0.772015705704689
8091,0.139191311551258
8092,0.584161919075996
8093,0.886673934524879
8094,0.200367502868176
8095,0.660188987385482
8096,0.487737050512806
8097,0.665077538928017
8098,0.525288226315752
8099,0.591903322609141
8100,0.781908706296235
8101,0.310225479537621
8102,0.297118769958615
8103,0.745407067472115
8104,0.564748970093206
8105,0.512135815806687
8106,0.793703048024327
8107,0.439424467971548
8108,0.439807787537575
8109,0.136528646573424
8110,0.957379231695086
8111,0.773320820182562
8112,0.900020980276167
8113,0.730924020987004
8114,0.338556962553412
8115,0.8347929851152
8116,0.637975784018636
8117,0.29216904961504
8118,0.398982109269127
8119,0.502094706520438
8120,0.402327936841175
8121,0.510830344166607
8122,0.733531828271225
8123,0.81217680987902
8124,0.940155793447047
8125,0.922420206246898
8126,0.881978653371334
8127,0.475400545401499
8128,0.343090624781325
8129,0.989963830448687
8130,0.652917811181396
8131,0.142113502603024
8132,0.123151556355879
8133,0.117222853936255
8134,0.539607679471374
8135,0.951747887069359
8136,0.718745609279722
8137,0.896909878356382
8138,0.694285291014239
8139,0.188451896887273
8140,0.0501649770885706
8141,0.069090093486011
8142,0.555287352064624
8143,0.761372098932043
8144,0.0746967534068972
8145,0.0721170224715024
8146,0.890518873464316
8147,0.541637308429927
8148,0.941390476888046
8149,0.361786335939541
8150,0.62954913941212
8151,0.0975085194222629
8152,0.433218294521794
8153,0.697519836714491
8154,0.744882950559258
8155,0.370655310340226
8156,0.808217178797349
8157,0.645427652867511
8158,0.0965032076928765
8159,0.722217881586403
8160,0.0844938650261611
8161,0.739117714110762
8162,0.604060055222362
8163,0.545367032056674
8164,0.567654258105904
8165,0.126295481109992
8166,0.406603628536686
8167,0.392028870293871
8168,0.181268387008458
8169,0.37913850392215
8170,0.988594902446494
8171,0.0502661392092705
8172,0.12213723314926
8173,0.17518016230315
8174,0.0843861198518425
8175,0.470679346239194
8176,0.663121125428006
8177,0.600779118016362
8178,0.924279893515632
8179,0.62812734185718
8180,0.00181153509765863
8181,0.145581587450579
8182,0.0225189276970923
8183,0.950439234031364
8184,0.845365521265194
8185,0.290154989343137
8186,0.74463596008718
8187,0.197611815528944
8188,0.195978967705742
8189,0.226964190835133
8190,0.74457771005109
8191,0.0303505493793637
8192,0.417967355344445
8193,0.72157385898754
8194,0.26799652306363
8195,0.873046517837793
8196,0.333311025518924
8197,0.272149094147608
8198,0.178534613922238
8199,0.406087916111574
8200,0.749668570701033
8201,0.219084420939907
8202,0.0908929163124412
8203,0.382143617607653
8204,0.228739867219701
8205,0.184405789943412
8206,0.742752846330404
8207,0.734816816169769
8208,0.861110041150823
8209,0.957893430488184
8210,0.0975859344471246
8211,0.22196836466901
8212,0.675425901543349
8213,0.00197720201686025
8214,0.243213900830597
8215,0.483294444857165
8216,0.962383084464818
8217,0.586420291103423
8218,0.431727724382654
8219,0.587994821369648
8220,0.545907441992313
8221,0.17638191068545
8222,0.681386004434898
8223,0.83114989544265
8224,0.993904341943562
8225,0.576693783514202
8226,0.136862874496728
8227,0.237835181411356
8228,0.270978956948966
8229,0.699964892817661
8230,0.0676304183434695
8231,0.100198448635638
8232,0.472591605037451
8233,0.0439923664089292
8234,0.329959864029661
8235,0.411198104964569
8236,0.65013328823261
8237,0.980905483709648
8238,0.731372881215066
8239,0.0638024366926402
8240,0.247003705007955
8241,0.843070812989026
8242,0.459505366627127
8243,0.224417043384165
8244,0.269646011991426
8245,0.208004131680354
8246,0.883024721639231
8247,0.359095550840721
8248,0.897376048611477
8249,0.119795504724607
8250,0.495018861023709
8251,0.718196183210239
8252,0.750570543808863
8253,0.429229743545875
8254,0.789709565462545
8255,0.374735052231699
8256,0.0710273799486458
8257,0.609839050332084
8258,0.0170510981697589
8259,0.133890502853319
8260,0.934810763224959
8261,0.71143706375733
8262,0.579682550625876
8263,0.977664626901969
8264,0.3647099675145
8265,0.254071369068697
8266,0.196188824949786
8267,0.69449533848092
8268,0.349058654159307
8269,0.325977880973369
8270,0.654161768266931
8271,0.471828448120505
8272,0.674383958568797
8273,0.891028393059969
8274,0.3546236557886
8275,0.214862960390747
8276,0.517432866618037
8277,0.0445349093060941
8278,0.999097923282534
8279,0.015134995104745
8280,0.902225788682699
8281,0.148441019002348
8282,0.84532182966359
8283,0.0236819908022881
8284,0.267731376225129
8285,0.623753911117092
8286,0.758403904503211
8287,0.476390432100743
8288,0.738418258028105
8289,0.0203627597074956
8290,0.471199023770168
8291,0.423634795937687
8292,0.623561789980158
8293,0.0897764437831938
8294,0.109067723853514
8295,0.136946435784921
8296,0.0433245629537851
8297,0.233567271614447
8298,0.497859583469108
8299,0.896868550218642
8300,0.138110291445628
8301,0.934128321940079
8302,0.570273567922413
8303,0.349581227870658
8304,0.135644634487107
8305,0.66883309208788
8306,0.659777163062245
8307,0.905401026597247
8308,0.64120083488524
8309,0.867710401536897
8310,0.465557133080438
8311,0.253736960934475
8312,0.624442903092131
8313,0.357019637012854
8314,0.367490350501612
8315,0.464148813392967
8316,0.102009503403679
8317,0.897553018759936
8318,0.594721491448581
8319,0.472357012797147
8320,0.659022378968075
8321,0.889192001195624
8322,0.465697096427903
8323,0.176056504249573
8324,0.74282540124841
8325,0.746826149988919
8326,0.473546339198947
8327,0.14799355645664
8328,0.832418364007026
8329,0.275249797385186
8330,0.797361391363665
8331,0.769822841743007
8332,0.700091559439898
8333,0.503376438515261
8334,0.669529074802995
8335,0.121437889523804
8336,0.466231635306031
8337,0.777037199819461
8338,0.583949354244396
8339,0.401740288594738
8340,0.292892610421404
8341,0.67503783502616
8342,0.625860462198034
8343,0.890440514311194
8344,0.0464919693768024
8345,0.157951889559627
8346,0.541117388289422
8347,0.954107678029686
8348,0.80646865372546
8349,0.82912723813206
8350,0.592812719754875
8351,0.94902500603348
8352,0.449036967474967
8353,0.00799697218462825
8354,0.677891917526722
8355,0.501424818998203
8356,0.273329744348302
8357,0.234570840373635
8358,0.654322724090889
8359,0.367203186731786
8360,0.0800908207893372
8361,0.183204189874232
8362,0.29853546526283
8363,0.333611090667546
8364,0.659041456179693
8365,0.983432268491015
8366,0.166118813445792
8367,0.57177779590711
8368,0.690678358310834
8369,0.806769232731313
8370,0.260677062207833
8371,0.51952591096051
8372,0.575037534348667
8373,0.705787127604708
8374,0.868707979097962
8375,0.788033416029066
8376,0.981270997552201
8377,0.914528994821012
8378,0.654480627737939
8379,0.0403830814175308
8380,0.806344148237258
8381,0.688206565566361
8382,0.727109970524907
8383,0.257498252904043
8384,0.0863275385927409
8385,0.786069331690669
8386,0.715936242835596
8387,0.930414278525859
8388,0.0298730763606727
8389,0.034858118975535
8390,0.252313929377124
8391,0.532026269473135
8392,0.889241547090933
8393,0.0465345126576722
8394,0.634340318152681
8395,0.440866595134139
8396,0.954462493304163
8397,0.546112548792735
8398,0.266607996076345
8399,0.254178444622084
8400,0.321097974199802
8401,0.308014606824145
8402,0.157095188740641
